company_name,company_url,description,experience,location,position,skills,vacancy_link,vacancy_location
Silver Valley Homes,https://ca.linkedin.com/company/silver-valley-homes?trk=public_jobs_jserp-result_job-search-card-subtitle,"Exciting Career Opportunity - Join Our Team! We are looking for dedicated and motivated individuals to join our team and contribute to our continued success. This position offers a chance to grow professionally in a supportive and inclusive environment, with flexibility and long-term career potential. Employment Type Full-Time / Part-Time Salary Range $35-40/hr Job Summary The ideal candidate will perform a range of tasks to support daily operations, contribute to team goals, and uphold our standards of excellence. This role requires a proactive attitude, a willingness to learn, and a commitment to quality and professionalism. Key Responsibilities Support day-to-day operations and team functions Maintain accuracy and attention to detail in assigned tasks Communicate effectively with team members and clients Adhere to company policies, procedures, and deadlines Take initiative and show flexibility in handling tasks Contribute to a positive and respectful work culture Qualifications High school diploma or equivalent (college degree a plus) Basic computer and communication skills Strong organizational and time management abilities Ability to work independently or as part of a team Adaptable and willing to learn new tools or systems Reliable and responsible work ethic Benefits Competitive salary with opportunities for increases Flexible work hours and remote options (if applicable) Opportunities for career growth and advancement Ongoing training and development Health, dental, and vision insurance (if applicable) Paid time off and holiday benefits Employee support programs and recognition Take the next step in your career and apply today. We are excited to learn more about you!",N/A,USA,"Operator Data Entry,  Junior ( Remote)",,https://www.linkedin.com/jobs/view/operator-data-entry-junior-remote-at-silver-valley-homes-4333546758?refId=z4Hbs8BIbGfve151LEzU4A%3D%3D&trackingId=C1MFd0LJMrOrrW7pV36tWA%3D%3D&position=1&pageNum=0,"California, United States"
"La Fédération de la Maille, de la Lingerie & du Balnéaire",https://www.linkedin.com/company/la-f%C3%A9d%C3%A9ration-de-la-maille-&-de-la-lingerie?trk=public_jobs_jserp-result_job-search-card-subtitle,"Exciting Career Opportunity - Join Our Team! We are looking for dedicated and motivated individuals to join our team and contribute to our continued success. This position offers a chance to grow professionally in a supportive and inclusive environment, with flexibility and long-term career potential. Employment Type Full-Time / Part-Time Salary Range $35-40/hr Job Summary The ideal candidate will perform a range of tasks to support daily operations, contribute to team goals, and uphold our standards of excellence. This role requires a proactive attitude, a willingness to learn, and a commitment to quality and professionalism. Key Responsibilities Support day-to-day operations and team functions Maintain accuracy and attention to detail in assigned tasks Communicate effectively with team members and clients Adhere to company policies, procedures, and deadlines Take initiative and show flexibility in handling tasks Contribute to a positive and respectful work culture Qualifications High school diploma or equivalent (college degree a plus) Basic computer and communication skills Strong organizational and time management abilities Ability to work independently or as part of a team Adaptable and willing to learn new tools or systems Reliable and responsible work ethic Benefits Competitive salary with opportunities for increases Flexible work hours and remote options (if applicable) Opportunities for career growth and advancement Ongoing training and development Health, dental, and vision insurance (if applicable) Paid time off and holiday benefits Employee support programs and recognition Take the next step in your career and apply today. We are excited to learn more about you!",N/A,USA,Entry Level - Research Data Analyst (Remote) Immediate,,https://www.linkedin.com/jobs/view/entry-level-research-data-analyst-remote-immediate-at-la-f%C3%A9d%C3%A9ration-de-la-maille-de-la-lingerie-du-baln%C3%A9aire-4333721963?refId=z4Hbs8BIbGfve151LEzU4A%3D%3D&trackingId=rPmC497U3qGzk52q3K7I8A%3D%3D&position=2&pageNum=0,"New York, United States"
Vision Link Surveillance,https://www.linkedin.com/company/vision-link-surveillance?trk=public_jobs_jserp-result_job-search-card-subtitle,"Exciting Career Opportunity - Join Our Team! We are looking for dedicated and motivated individuals to join our team and contribute to our continued success. This position offers a chance to grow professionally in a supportive and inclusive environment, with flexibility and long-term career potential. Employment Type Full-Time / Part-Time Salary Range $35-40/hr Job Summary The ideal candidate will perform a range of tasks to support daily operations, contribute to team goals, and uphold our standards of excellence. This role requires a proactive attitude, a willingness to learn, and a commitment to quality and professionalism. Key Responsibilities Support day-to-day operations and team functions Maintain accuracy and attention to detail in assigned tasks Communicate effectively with team members and clients Adhere to company policies, procedures, and deadlines Take initiative and show flexibility in handling tasks Contribute to a positive and respectful work culture Qualifications High school diploma or equivalent (college degree a plus) Basic computer and communication skills Strong organizational and time management abilities Ability to work independently or as part of a team Adaptable and willing to learn new tools or systems Reliable and responsible work ethic Benefits Competitive salary with opportunities for increases Flexible work hours and remote options (if applicable) Opportunities for career growth and advancement Ongoing training and development Health, dental, and vision insurance (if applicable) Paid time off and holiday benefits Employee support programs and recognition Take the next step in your career and apply today. We are excited to learn more about you!",N/A,USA,"Operator Data Entry,  Junior ( Remote)",,https://www.linkedin.com/jobs/view/operator-data-entry-junior-remote-at-vision-link-surveillance-4333516880?refId=z4Hbs8BIbGfve151LEzU4A%3D%3D&trackingId=RuiO54ieQIcuIwfPu4uBIg%3D%3D&position=3&pageNum=0,"Texas, United States"
Daice Labs,https://www.linkedin.com/company/daice-labs?trk=public_jobs_jserp-result_job-search-card-subtitle,"Company Description Daice Labs is building hybrid AI frameworks that integrate today's models into systems that learn continuously. Founded by MIT CSAIL scientists, we focus on building new architectures by combining LLMs/DL with symbolic reasoning and bio-inspired system design. Operating on two tracks, our Product Lab develops industry-specific solutions for collaborative human teams + AI co-building and co-owning vertical applications, while our Research Lab explores how principles of natural intelligence can guide systems design of new hybrid AI architectures. Join us in taking the next leap in productivity through collaborative innovation. Role Description This is a full-time remote role for a Junior AI/ML Engineer. The engineer will be responsible for developing, testing, and optimizing AI/ML models with a focus on hybrid AI architectures. Day-to-day tasks include implementing innovative algorithms, conducting experiments to validate models, collaborating with cross-functional teams, and contributing to research on new AI paradigms. The engineer will also be involved in translating research findings into practical applications and building scalable AI solutions. Qualifications Strong understanding of Pattern Recognition, Neural Networks, LLMs, agentic architectures, hybrid  and composite AI Proficiency in Computer Science and ML Algorithms (proficiency in python and ML stack languages) Experience with Statistics, evaluation, inference, platform integration Good problem-solving skills and the ability to work collaboratively Excellent written and verbal communication skills Bachelor's degree in AI, Machine Learning, Computer Science, or related field Experience in hybrid AI architectures is a plus Ability to work independently and remotely",N/A,USA,Junior AI/ML engineer,"pattern recognition,neural networks,llms,agentic architectures,hybrid ai,composite ai,computer science,ml algorithms,python,ml stack languages,statistics,evaluation,inference,platform integration,problem-solving,communication skills",https://www.linkedin.com/jobs/view/junior-ai-ml-engineer-at-daice-labs-4333568414?refId=z4Hbs8BIbGfve151LEzU4A%3D%3D&trackingId=8uRCSwnVTi20WfoqMNN5Ig%3D%3D&position=4&pageNum=0,"Boston, MA"
INGENIERÍA SIGLO XXI (ICA),https://www.linkedin.com/company/ingenier%C3%ADa-siglo-xxi-ica-?trk=public_jobs_jserp-result_job-search-card-subtitle,"Exciting Career Opportunity - Join Our Team! We are looking for dedicated and motivated individuals to join our team and contribute to our continued success. This position offers a chance to grow professionally in a supportive and inclusive environment, with flexibility and long-term career potential. Employment Type Full-Time / Part-Time Salary Range $35-40/hr Job Summary The ideal candidate will perform a range of tasks to support daily operations, contribute to team goals, and uphold our standards of excellence. This role requires a proactive attitude, a willingness to learn, and a commitment to quality and professionalism. Key Responsibilities Support day-to-day operations and team functions Maintain accuracy and attention to detail in assigned tasks Communicate effectively with team members and clients Adhere to company policies, procedures, and deadlines Take initiative and show flexibility in handling tasks Contribute to a positive and respectful work culture Qualifications High school diploma or equivalent (college degree a plus) Basic computer and communication skills Strong organizational and time management abilities Ability to work independently or as part of a team Adaptable and willing to learn new tools or systems Reliable and responsible work ethic Benefits Competitive salary with opportunities for increases Flexible work hours and remote options (if applicable) Opportunities for career growth and advancement Ongoing training and development Health, dental, and vision insurance (if applicable) Paid time off and holiday benefits Employee support programs and recognition Take the next step in your career and apply today. We are excited to learn more about you!",N/A,USA,"Operator Data Entry,  Junior ( Remote)",,https://www.linkedin.com/jobs/view/operator-data-entry-junior-remote-at-ingenier%C3%ADa-siglo-xxi-ica-4333730677?refId=z4Hbs8BIbGfve151LEzU4A%3D%3D&trackingId=dU1%2BAU9WP%2B0qjzcLsEsmHQ%3D%3D&position=8&pageNum=0,"California, United States"
Lensa,https://www.linkedin.com/company/lensa?trk=public_jobs_jserp-result_job-search-card-subtitle,"Lensa is a career site that helps job seekers find great jobs in the US. We are not a staffing firm or agency. Lensa does not hire directly for these jobs, but promotes jobs on LinkedIn on behalf of its direct clients, recruitment ad agencies, and marketing partners. Lensa partners with DirectEmployers to promote this job for OneRail. Clicking ""Apply Now"" or ""Read more"" on Lensa redirects you to the job board/employer site. Any information collected there is subject to their terms and privacy notice. Joining OneRail as a Jr. Data Analyst means integrating into a skilled group intent on revolutionizing data management and analytics. You will align closely with different departments, including Transportation, Operations, Sales, Marketing, and IT, leveraging data to influence decisions and drive strategic growth. Your role is pivotal in maintaining and developing our Power BI reports, creating sophisticated Excel analyses, and scripting with Python to streamline data processes. Responsibilities Conduct ad-hoc data analysis using Excel, Python, Power BI, Snowflake, SQL and other tools to provide actionable insights to guide business decisions. Develop new Power BI reports that articulate complex data in a clear, concise manner. Create and maintain scripting routines for data manipulation and automation with Python. Prepare findings to non-technical audiences, translating data into strategic insights. Create and support tooling for various departments in the business. Design, create, and maintain tools for various business departments, enhancing their productivity and capabilities. Use data science and AI methods to support problem-solving and develop practical, data-driven solutions. What You Will Do Manage multiple data projects concurrently, maintaining flexibility to shift priorities as needed. Translate complex data findings into understandable reports and dashboards that inform business strategies. Develop in-depth understanding of business needs and leverage data to propose innovative solutions. Other duties as assigned – it is understood that this list of major duties and responsibilities is not an inclusive list and that other duties and responsibilities, which may include helping others in the same or different departments, may be assigned by supervision. Apply artificial intelligence techniques to address complex business challenges and contribute to strategic decision-making. Construct and maintain advanced data models that forecast trends and inform company directives. What You Will Bring To The Team Competence in developing and maintaining Power BI datasets and reports, adept at converting complex datasets into intuitive and impactful visual reports. Practical experience with SQL for effective database querying, analysis, and management. Proficiency in scripting with Python, especially in the context of data manipulation and automation tasks. A strong foundation in data analysis and business intelligence principles with an emphasis on delivering actionable insights. Mathematical and analytical skills to accurately collect, measure, organize, and interpret large datasets. Proactive identification of risks and opportunities with the ability to communicate these to both technical and non-technical stakeholders. Outstanding verbal and written communication skills. Highly organized with an innate sense of urgency, able to juggle multiple priorities and meet stringent deadlines without compromising on detail or accuracy. A collaborative mindset and willingness to pitch in where needed, recognizing that the role may evolve in line with the company's growth and data strategy. Previous experience in a data-centric role within a dynamic business environment is highly beneficial. Note: This role falls under Comp Band 3 with the annual base compensation is expected to be between $60,000 to $74,500. Powered by JazzHR If you have questions about this posting, please contact support@lensa.com",N/A,USA,Junior Data Analyst,"power bi,excel,python,snowflake,sql,data science,artificial intelligence,data analysis,business intelligence,mathematical skills,analytical skills,communication skills,project management",https://www.linkedin.com/jobs/view/junior-data-analyst-at-lensa-4333519338?refId=z4Hbs8BIbGfve151LEzU4A%3D%3D&trackingId=mDs5oYsCpvNcSujTzyLstw%3D%3D&position=9&pageNum=0,"Orlando, FL"
JLS ApS,https://dk.linkedin.com/company/jls-aps?trk=public_jobs_jserp-result_job-search-card-subtitle,"Exciting Career Opportunity - Join Our Team! We are looking for dedicated and motivated individuals to join our team and contribute to our continued success. This position offers a chance to grow professionally in a supportive and inclusive environment, with flexibility and long-term career potential. Employment Type Full-Time / Part-Time Salary Range $35-40/hr Job Summary The ideal candidate will perform a range of tasks to support daily operations, contribute to team goals, and uphold our standards of excellence. This role requires a proactive attitude, a willingness to learn, and a commitment to quality and professionalism. Key Responsibilities Support day-to-day operations and team functions Maintain accuracy and attention to detail in assigned tasks Communicate effectively with team members and clients Adhere to company policies, procedures, and deadlines Take initiative and show flexibility in handling tasks Contribute to a positive and respectful work culture Qualifications High school diploma or equivalent (college degree a plus) Basic computer and communication skills Strong organizational and time management abilities Ability to work independently or as part of a team Adaptable and willing to learn new tools or systems Reliable and responsible work ethic Benefits Competitive salary with opportunities for increases Flexible work hours and remote options (if applicable) Opportunities for career growth and advancement Ongoing training and development Health, dental, and vision insurance (if applicable) Paid time off and holiday benefits Employee support programs and recognition Take the next step in your career and apply today. We are excited to learn more about you!",N/A,USA,"Operator Data Entry,  Junior ( Remote)",,https://www.linkedin.com/jobs/view/operator-data-entry-junior-remote-at-jls-aps-4333690972?refId=z4Hbs8BIbGfve151LEzU4A%3D%3D&trackingId=T%2B1FjFPoSQrrktPOEobkNA%3D%3D&position=10&pageNum=0,"California, United States"
Autolease,https://es.linkedin.com/company/autolease-renting?trk=public_jobs_jserp-result_job-search-card-subtitle,"Exciting Career Opportunity - Join Our Team! We are looking for dedicated and motivated individuals to join our team and contribute to our continued success. This position offers a chance to grow professionally in a supportive and inclusive environment, with flexibility and long-term career potential. Employment Type Full-Time / Part-Time Salary Range $35-40/hr Job Summary The ideal candidate will perform a range of tasks to support daily operations, contribute to team goals, and uphold our standards of excellence. This role requires a proactive attitude, a willingness to learn, and a commitment to quality and professionalism. Key Responsibilities Support day-to-day operations and team functions Maintain accuracy and attention to detail in assigned tasks Communicate effectively with team members and clients Adhere to company policies, procedures, and deadlines Take initiative and show flexibility in handling tasks Contribute to a positive and respectful work culture Qualifications High school diploma or equivalent (college degree a plus) Basic computer and communication skills Strong organizational and time management abilities Ability to work independently or as part of a team Adaptable and willing to learn new tools or systems Reliable and responsible work ethic Benefits Competitive salary with opportunities for increases Flexible work hours and remote options (if applicable) Opportunities for career growth and advancement Ongoing training and development Health, dental, and vision insurance (if applicable) Paid time off and holiday benefits Employee support programs and recognition Take the next step in your career and apply today. We are excited to learn more about you!",N/A,USA,"Operator Data Entry,  Junior ( Remote)",,https://www.linkedin.com/jobs/view/operator-data-entry-junior-remote-at-autolease-4333692396?refId=z4Hbs8BIbGfve151LEzU4A%3D%3D&trackingId=eDRzGrAqqNZGvZlC%2Fpp7Ew%3D%3D&position=11&pageNum=0,"Texas, United States"
Swan EMS an EC Electronics Company,https://uk.linkedin.com/company/swan-ems?trk=public_jobs_jserp-result_job-search-card-subtitle,"Exciting Career Opportunity - Join Our Team! We are looking for dedicated and motivated individuals to join our team and contribute to our continued success. This position offers a chance to grow professionally in a supportive and inclusive environment, with flexibility and long-term career potential. Employment Type Full-Time / Part-Time Salary Range $35-40/hr Job Summary The ideal candidate will perform a range of tasks to support daily operations, contribute to team goals, and uphold our standards of excellence. This role requires a proactive attitude, a willingness to learn, and a commitment to quality and professionalism. Key Responsibilities Support day-to-day operations and team functions Maintain accuracy and attention to detail in assigned tasks Communicate effectively with team members and clients Adhere to company policies, procedures, and deadlines Take initiative and show flexibility in handling tasks Contribute to a positive and respectful work culture Qualifications High school diploma or equivalent (college degree a plus) Basic computer and communication skills Strong organizational and time management abilities Ability to work independently or as part of a team Adaptable and willing to learn new tools or systems Reliable and responsible work ethic Benefits Competitive salary with opportunities for increases Flexible work hours and remote options (if applicable) Opportunities for career growth and advancement Ongoing training and development Health, dental, and vision insurance (if applicable) Paid time off and holiday benefits Employee support programs and recognition Take the next step in your career and apply today. We are excited to learn more about you!",N/A,USA,"Operator Data Entry,  Junior ( Remote)",,https://www.linkedin.com/jobs/view/operator-data-entry-junior-remote-at-swan-ems-an-ec-electronics-company-4333770424?refId=z4Hbs8BIbGfve151LEzU4A%3D%3D&trackingId=sxbD88wNF3aQmrNuypYSqg%3D%3D&position=12&pageNum=0,"New York, United States"
Lensa,https://www.linkedin.com/company/lensa?trk=public_jobs_jserp-result_job-search-card-subtitle,"Lensa is a career site that helps job seekers find great jobs in the US. We are not a staffing firm or agency. Lensa does not hire directly for these jobs, but promotes jobs on LinkedIn on behalf of its direct clients, recruitment ad agencies, and marketing partners. Lensa partners with DirectEmployers to promote this job for Prime Therapeutics. Clicking ""Apply Now"" or ""Read more"" on Lensa redirects you to the job board/employer site. Any information collected there is subject to their terms and privacy notice. Our work matters. We help people get the medicine they need to feel better and live well. We do not lose sight of that. It fuels our passion and drives every decision we make. Job Posting Title Data & Reporting Analyst - REMOTE Job Description The Data & Reporting Analyst is responsible for supporting the business in decision making and operations efforts by providing data, reporting and business intelligence services. This role is responsible for working with the business and converting data into meaningful and actionable reporting solutions. Responsibilities Develop reporting solutions following internal reporting standards and best practices by collecting, validating, interpreting, and organizing various types of data into meaningful reports and/or summaries for designated client groups Maintain and improve the reliability, efficiency and functionality of existing reports Facilitate team request intake sessions to collect reporting requirements and determine project prioritization Recommend quality and system improvements by analyzing the data issues, maintaining and enhancing data iteration processes, and collaborating with system owners to improve upstream processes Train users and team members as needed Other duties as assigned Minimum Qualifications Bachelor's degree in Mathematics, Computer Science, Information Systems or related area of study, or equivalent combination of education and/or relevant work experience; HS diploma or GED required 2 years of work experience in data analysis and reporting 1 year of SQL experience Must be eligible to work in the United States without need for work visa or residency sponsorship Additional Qualifications Ability to analyze and solve problems using analytical tools Time management and prioritization skills Advanced knowledge of Microsoft Excel and Access tools in addition to familiarity with other reporting technologies Preferred Qualifications Experience with report generating technologies (such as Cognos, SAS, Alteryx, Qlikview, MicroStrategy, Business Objects, Tableau, etc.) Experience with data consolidation and modeling PBM experience or experience working with medical claims, pharmacy claims, healthcare and/or benefits data Experience in the implementation of quality process improvement efforts Experience documenting requirements, creating training materials and working directly with end users Every employee must understand, comply with and attest to the security responsibilities and security controls unique to their job, and comply with all applicable legal, regulatory, and contractual requirements and internal policies and procedures Every employee must be able to perform the essential functions of the job and, if requested, reasonable accommodations will be made to enable employees with disabilities to perform the essential functions, absent undue hardship. In addition, Prime retains the right to change or assign other duties to this job. Potential pay for this position ranges from $59,000.00 - $94,000.00 based on experience and skills. To review our Benefits, Incentives and Additional Compensation, visit our Benefits Page (https://www.primetherapeutics.com/benefits) and click on the ""Benefits at a glance"" button for more detail. Prime Therapeutics LLC is proud to be an equal opportunity and affirmative action employer. We encourage diverse candidates to apply, and all qualified applicants will receive consideration for employment without regard to race, color, religion, gender, sex (including pregnancy), national origin, disability, age, veteran status, or any other legally protected class under federal, state, or local law. _ _ We welcome people of different backgrounds, experiences, abilities, and perspectives including qualified applicants with arrest and conviction records and any qualified applicants requiring reasonable accommodations in accordance with the law. Prime Therapeutics LLC is a Tobacco-Free Workplace employer. Positions will be posted for a minimum of five consecutive workdays. Prime Therapeutics' fast-paced and dynamic work environment is ideal for proactively addressing the constant changes in today's health care industry. Our employees are involved, empowered, and rewarded for their achievements. We value new ideas and work collaboratively to provide the highest quality of care and service to our members. If you are looking to advance your career within a growing, team-oriented, award-winning company, apply to Prime Therapeutics today and start making a difference in people's lives. Prime Therapeutics LLC is proud to be an equal opportunity and affirmative action employer. We encourage diverse candidates to apply, and all qualified applicants will receive consideration for employment without regard to race, color, religion, gender, sex (including pregnancy), national origin, disability, age, veteran status, or any other legally protected class under federal, state, or local law. We welcome people of different backgrounds, experiences, abilities, and perspectives including qualified applicants with arrest and conviction records and any qualified applicants requiring reasonable accommodations in accordance with the law. Prime Therapeutics LLC is a Tobacco-Free Workplace employer. If you are an applicant with a disability and need a reasonable accommodation for any part of the employment process, please contact Human Resources at 1.866.469.1257 or email Careers@primetherapeutics.com. If you have questions about this posting, please contact support@lensa.com",2,USA,Data & Reporting Analyst - REMOTE,"data analysis,reporting,business intelligence,sql,microsoft excel,microsoft access,cognos,sas,alteryx,qlikview,microstrategy,business objects,tableau,data consolidation,data modeling,pbm,medical claims,pharmacy claims,healthcare data,benefits data,quality process improvement,requirements documentation,training materials",https://www.linkedin.com/jobs/view/data-reporting-analyst-remote-at-lensa-4333648702?refId=z4Hbs8BIbGfve151LEzU4A%3D%3D&trackingId=rTx60i9GYX21oml%2FLCyhQQ%3D%3D&position=25&pageNum=0,"Austin, TX"
Uber,https://www.linkedin.com/company/uber-com?trk=public_jobs_jserp-result_job-search-card-subtitle,"About The Role The Customer Experience Analytics (CXA) team powers data-driven decision making across Uber's Community Operations (CommOps) org. Our team is currently looking to hire for our United States & Canada regional team. As a Data Analyst, you will shape and influence a world class experience for our customers interacting with support at Uber. This role is specifically focused on Uber Eats consumer support analytics, and will focus on reducing defective experiences, increasing user retention, and evaluating the effectiveness of our policies & tech. You will drive analyses and experimentation behind company-wide decisions related to our support experience; and build scalable tools that enable internal and external stakeholders to demonstrate data and act upon insights. You will be working on a wide range of high-priority projects, and have exposure to multiple stakeholders across Uber (Operations, Product and Engineering). Additionally, you will uncover insights from support interactions to drive product and operational improvements. What You'll Do Conduct analyses on various projects to improve the experience of our customer interactions Drive experimentation and insight generation in order to quantify the value of support and advise return on investment tradeoffs Own data analysis and visualization, and communicate the outcomes/insights to various business partners to aid strategic decisions for improvements in support experience for riders Quantity the impact and efficiency of new products and business processes Develop analytical frameworks to support decision-making in the US&C Build and maintain scalable data products Basic Qualifications 3+ years experience in data analytics, business intelligence, data engineering, or within a similar role BA/BS Degree obtained Experience with SQL Experience with Tableau, PowerBI (or similar data visualization tools) Preferred Qualifications Experience with Python / R preferred Analyze advanced A/B testing data (exposure to experimental design is a plus) Experience working with customer support or customer insights Ability to write & understand complex SQL queries BA/BS Degree Degree obtained in Economics or within a similar field Strong experience with building dashboards for senior leadership and or cross functional teams Accustomed to working in an ambiguous environment For Chicago, IL-based roles: The base salary range for this role is USD$102,000 per year - USD$113,000 per year. For New York, NY-based roles: The base salary range for this role is USD$113,000 per year - USD$125,500 per year. For San Francisco, CA-based roles: The base salary range for this role is USD$113,000 per year - USD$125,500 per year. For all US locations, you will be eligible to participate in Uber's bonus program, and may be offered an equity award & other types of comp. You will also be eligible for various benefits. More details can be found at the following link https://www.uber.com/careers/benefits., For Chicago, IL-based roles: The base salary range for this role is USD$102,000 per year - USD$113,000 per year. For New York, NY-based roles: The base salary range for this role is USD$113,000 per year - USD$125,500 per year. For San Francisco, CA-based roles: The base salary range for this role is USD$113,000 per year - USD$125,500 per year. For all US locations, you will be eligible to participate in Uber's bonus program, and may be offered an equity award & other types of comp. You will also be eligible for various benefits. More details can be found at the following link https://www.uber.com/careers/benefits.",3,USA,"Data Analyst, Customer Experience Analytics","data analytics,business intelligence,data engineering,sql,tableau,powerbi,data visualization,python,r,a/b testing,experimental design,customer support,customer insights,building dashboards",https://www.linkedin.com/jobs/view/data-analyst-customer-experience-analytics-at-uber-4333667475?refId=z4Hbs8BIbGfve151LEzU4A%3D%3D&trackingId=%2BXRu3Ug1yCxiC44HT6xXnw%3D%3D&position=24&pageNum=0,"New York, NY"
UCLA,https://www.linkedin.com/company/ucla?trk=public_jobs_jserp-result_job-search-card-subtitle,,,USA,Data Scientist,,https://www.linkedin.com/jobs/view/data-scientist-at-ucla-4333721953?refId=z4Hbs8BIbGfve151LEzU4A%3D%3D&trackingId=aELebeReYhRf25Z8k9bECQ%3D%3D&position=5&pageNum=0,"Los Angeles, CA"
BeaconFire Inc.,https://www.linkedin.com/company/beaconfireinc?trk=public_jobs_jserp-result_job-search-card-subtitle,"Job Title: Junior Python Developer Location: Edison, New Jersey Job Type: Full-time About the Role We are seeking a motivated Entry-Level Python Developer to join our software engineering team. The ideal candidate will have a Master’s degree in Computer Science, Software Engineering, or a related field, with hands-on experience in both frontend and backend development. You will collaborate with senior developers to design, develop, and maintain scalable web applications and services using modern Python frameworks and tools. Key Responsibilities: Develop, test, and maintain backend services and APIs using Python and frameworks such as Django or Flask. Contribute to frontend development using modern JavaScript frameworks like React, Vue.js, or Angular. Design and manage database schemas, queries, and optimizations (e.g., PostgreSQL, MySQL, or MongoDB). Write clean, efficient, and maintainable code following best practices. Collaborate with cross-functional teams including UI/UX designers, QA engineers, and product managers. Participate in code reviews, debugging, and troubleshooting to ensure high-quality releases. Assist in integrating APIs, third-party services, and cloud-based platforms (AWS, Azure, or GCP). Document technical specifications and contribute to continuous improvement efforts. Required Qualifications : Master’s degree in Computer Science, Software Engineering, Information Technology, or a related field. Solid understanding of Python programming and object-oriented design principles. Knowledge of frontend technologies such as HTML, CSS, JavaScript, and at least one frontend framework (e.g., React). Experience or coursework in backend frameworks (Django, Flask, or FastAPI). Familiarity with databases (relational or NoSQL) and ORM tools. Understanding of RESTful APIs and web architecture. Good problem-solving skills and attention to detail. Strong communication and teamwork skills. Preferred Qualifications: Experience with version control systems (Git, GitHub, GitLab). Exposure to containerization (Docker) and cloud platforms (AWS, Azure, or GCP). Familiarity with CI/CD pipelines and automated testing frameworks (PyTest, Selenium). Knowledge of data visualization or machine learning libraries is a plus. Compensation: $65,000.00 to $80,000.00 /year Beaconfire is an e-verified company and provides equal employment opportunities (visa sponsorship provided).",n/a,USA,Python Developer,"python,django,flask,fastapi,html,css,javascript,react,vue.js,angular,postgresql,mysql,mongodb,aws,azure,gcp,git,github,gitlab,docker,ci/cd pipelines,pytest,selenium,restful apis,object-oriented design,database schemas,api integration",https://www.linkedin.com/jobs/view/python-developer-at-beaconfire-inc-4318926850?refId=z4Hbs8BIbGfve151LEzU4A%3D%3D&trackingId=VTaA7NmRbRXMldzcZsiagA%3D%3D&position=23&pageNum=0,"New York, United States"
INGENIERÍA SIGLO XXI (ICA),https://www.linkedin.com/company/ingenier%C3%ADa-siglo-xxi-ica-?trk=public_jobs_jserp-result_job-search-card-subtitle,"Exciting Career Opportunity - Join Our Team! We are looking for dedicated and motivated individuals to join our team and contribute to our continued success. This position offers a chance to grow professionally in a supportive and inclusive environment, with flexibility and long-term career potential. Employment Type Full-Time / Part-Time Salary Range $35-40/hr Job Summary The ideal candidate will perform a range of tasks to support daily operations, contribute to team goals, and uphold our standards of excellence. This role requires a proactive attitude, a willingness to learn, and a commitment to quality and professionalism. Key Responsibilities Support day-to-day operations and team functions Maintain accuracy and attention to detail in assigned tasks Communicate effectively with team members and clients Adhere to company policies, procedures, and deadlines Take initiative and show flexibility in handling tasks Contribute to a positive and respectful work culture Qualifications High school diploma or equivalent (college degree a plus) Basic computer and communication skills Strong organizational and time management abilities Ability to work independently or as part of a team Adaptable and willing to learn new tools or systems Reliable and responsible work ethic Benefits Competitive salary with opportunities for increases Flexible work hours and remote options (if applicable) Opportunities for career growth and advancement Ongoing training and development Health, dental, and vision insurance (if applicable) Paid time off and holiday benefits Employee support programs and recognition Take the next step in your career and apply today. We are excited to learn more about you!",N/A,USA,"Operator,  Data Entry- Remote",,https://www.linkedin.com/jobs/view/operator-data-entry-remote-at-ingenier%C3%ADa-siglo-xxi-ica-4333840039?refId=z4Hbs8BIbGfve151LEzU4A%3D%3D&trackingId=jid0aK67WTxAmVdrWl8vDg%3D%3D&position=22&pageNum=0,"California, United States"
"La Fédération de la Maille, de la Lingerie & du Balnéaire",https://www.linkedin.com/company/la-f%C3%A9d%C3%A9ration-de-la-maille-&-de-la-lingerie?trk=public_jobs_jserp-result_job-search-card-subtitle,"Exciting Career Opportunity - Join Our Team! We are looking for dedicated and motivated individuals to join our team and contribute to our continued success. This position offers a chance to grow professionally in a supportive and inclusive environment, with flexibility and long-term career potential. Employment Type Full-Time / Part-Time Salary Range $35-40/hr Job Summary The ideal candidate will perform a range of tasks to support daily operations, contribute to team goals, and uphold our standards of excellence. This role requires a proactive attitude, a willingness to learn, and a commitment to quality and professionalism. Key Responsibilities Support day-to-day operations and team functions Maintain accuracy and attention to detail in assigned tasks Communicate effectively with team members and clients Adhere to company policies, procedures, and deadlines Take initiative and show flexibility in handling tasks Contribute to a positive and respectful work culture Qualifications High school diploma or equivalent (college degree a plus) Basic computer and communication skills Strong organizational and time management abilities Ability to work independently or as part of a team Adaptable and willing to learn new tools or systems Reliable and responsible work ethic Benefits Competitive salary with opportunities for increases Flexible work hours and remote options (if applicable) Opportunities for career growth and advancement Ongoing training and development Health, dental, and vision insurance (if applicable) Paid time off and holiday benefits Employee support programs and recognition Take the next step in your career and apply today. We are excited to learn more about you!",N/A,USA,Junior Web Developer (Remote),,https://www.linkedin.com/jobs/view/junior-web-developer-remote-at-la-f%C3%A9d%C3%A9ration-de-la-maille-de-la-lingerie-du-baln%C3%A9aire-4333861315?refId=z4Hbs8BIbGfve151LEzU4A%3D%3D&trackingId=9b6kQWz2X2WxyO22CaLaAw%3D%3D&position=21&pageNum=0,"New York, United States"
Intuit,https://www.linkedin.com/company/intuit?trk=public_jobs_jserp-result_job-search-card-subtitle,"Overview This role is ideal for those at the start of their professional journey, with less than two years of industry experience who are eager to learn, grow, and make an immediate impact. As this is a general posting, we’ll align you with a team based on your skills, interests, and career aspirations to set you up for success. We're cultivating a culture that prioritizes innovators, risk-takers, and imaginative thinkers. You’ll help create solutions that transform how millions of consumers and small businesses manage their finances in cloud, platform, mobile, and SaaS environments. Working in a culture that embraces experimentation and rapid prototyping, you’ll collaborate closely with customers and cross-functional teams, turning ideas into real impact while building the skills to launch a rewarding career. Responsibilities Frontend Engineering: Experience developing scalable, responsive, and dynamic web-based applications Familiarity with modern frontend tools and frameworks such as React, AngularJS, or Vue.js Knowledge of HTML, CSS, and JavaScript standards Strong ability to collaborate with designers, UX specialists, and backend engineers Backend Engineering Experience developing web applications using server-side languages, such as Java, Python, or Node.js. Familiarity with database technologies such as MySQL, PostgreSQL, or MongoDB Understanding of RESTful API design principles and ability to work with API integrations Experience with server frameworks such as Express, Spring MVC or Django Fullstack Engineering Familiarity with both frontend and backend development Ability to work effectively with developers and designers, discussing application and API architectures Understanding of Agile methodologies and ability to work with Scrum teams Familiarity with tools such as Git, Jenkins, or Travis Mobile Engineering Experience developing applications for one or more platforms such as Android and iOS Familiarity with mobile application development frameworks such as React Native or Flutter Understanding of development tools such as XCode, Android Studio and SDK languages such as Objective-C, Swift or Java Ability to work with designers and backend engineers to integrate mobile applications with cloud-based APIs Across All Tech Stacks Contribute to our core products and services, as well as systems that power critical engineering operations. See your work launched and help solve meaningful problems for customers. Learn and apply proven best practices in designing, building, and supporting software projects. Receive hands-on guidance, detailed feedback, and mentorship from experienced team members. Collaborate closely with peers across disciplines and build strong, supportive working relationships. Qualifications Qualifications Bachelor’s or Master’s degree in Computer Science, a related technical field, or equivalent practical experience. Foundational understanding of Agile development, object-oriented design, and programming principles. Coursework, internships, personal projects, or academic experience with one or more programming languages (e.g., Java, Python, JavaScript, C++, etc.). Basic knowledge of front-end web technologies (e.g., HTML, CSS, JavaScript) and familiarity with frameworks or tools is a plus. Strong written, verbal, and collaboration skills with the ability to work effectively in a team environment. Awareness of AI concepts and a basic understanding of capabilities like Generative AI. Willingness to learn and adapt to new priorities, tools, and technologies in a fast-paced, dynamic environment. Intuit provides a competitive compensation package with a strong pay for performance rewards approach. This position will be eligible for a cash bonus, equity rewards and benefits, in accordance with our applicable plans and programs (see more about our compensation and benefits at Intuit®: Careers | Benefits). Pay offered is based on factors such as job-related knowledge, skills, experience, and work location. To drive ongoing fair pay for employees, Intuit conducts regular comparisons across categories of ethnicity and gender. The expected base pay range for this position is: Bay Area California $55.50 - 75",1,USA,Software Engineer 1,"frontend engineering,react,angularjs,vue.js,html,css,javascript,backend engineering,java,python,node.js,mysql,postgresql,mongodb,restful api,express,spring mvc,django,fullstack engineering,agile methodologies,scrum,git,jenkins,travis,mobile engineering,android,ios,react native,flutter,xcode,android studio,objective-c,swift,java programming,cloud-based apis,object-oriented design,generative ai",https://www.linkedin.com/jobs/view/software-engineer-1-at-intuit-4333562794?refId=z4Hbs8BIbGfve151LEzU4A%3D%3D&trackingId=MgGkBPOtloD2DhJzER2p%2BQ%3D%3D&position=17&pageNum=0,"New York, NY"
